impl,lang,B,N,D,threads,seconds,machine
backward,C,2,64,64,1,0.002236,delta-cpu
fused,C,2,64,64,1,0.004282,delta-cpu
backward,C,2,64,64,2,0.001581,delta-cpu
fused,C,2,64,64,2,0.002224,delta-cpu
backward,C,2,64,64,4,0.001407,delta-cpu
fused,C,2,64,64,4,0.001819,delta-cpu
backward,C,2,64,64,8,0.001806,delta-cpu
fused,C,2,64,64,8,0.001803,delta-cpu
backward,C,2,64,64,16,0.002726,delta-cpu
fused,C,2,64,64,16,0.002762,delta-cpu
backward,C,2,64,64,32,0.004002,delta-cpu
fused,C,2,64,64,32,0.003977,delta-cpu
backward,C,2,64,64,64,0.004965,delta-cpu
fused,C,2,64,64,64,0.005161,delta-cpu
backward,C,2,64,64,128,0.009331,delta-cpu
fused,C,2,64,64,128,0.009399,delta-cpu
backward,C,2,128,64,1,0.012023,delta-cpu
fused,C,2,128,64,1,0.017417,delta-cpu
backward,C,2,128,64,2,0.006470,delta-cpu
fused,C,2,128,64,2,0.011313,delta-cpu
backward,C,2,128,64,4,0.004419,delta-cpu
fused,C,2,128,64,4,0.006137,delta-cpu
backward,C,2,128,64,8,0.003526,delta-cpu
fused,C,2,128,64,8,0.004391,delta-cpu
backward,C,2,128,64,16,0.003598,delta-cpu
fused,C,2,128,64,16,0.004177,delta-cpu
backward,C,2,128,64,32,0.004995,delta-cpu
fused,C,2,128,64,32,0.003415,delta-cpu
backward,C,2,128,64,64,0.005322,delta-cpu
fused,C,2,128,64,64,0.005041,delta-cpu
backward,C,2,128,64,128,0.010132,delta-cpu
fused,C,2,128,64,128,0.040309,delta-cpu
backward,C,2,256,64,1,0.056438,delta-cpu
fused,C,2,256,64,1,0.079137,delta-cpu
backward,C,2,256,64,2,0.035581,delta-cpu
fused,C,2,256,64,2,0.050264,delta-cpu
backward,C,2,256,64,4,0.020439,delta-cpu
fused,C,2,256,64,4,0.028848,delta-cpu
backward,C,2,256,64,8,0.011808,delta-cpu
fused,C,2,256,64,8,0.015899,delta-cpu
backward,C,2,256,64,16,0.009047,delta-cpu
fused,C,2,256,64,16,0.009468,delta-cpu
backward,C,2,256,64,32,0.006347,delta-cpu
fused,C,2,256,64,32,0.006577,delta-cpu
backward,C,2,256,64,64,0.010660,delta-cpu
fused,C,2,256,64,64,0.007112,delta-cpu
backward,C,2,256,64,128,0.013668,delta-cpu
fused,C,2,256,64,128,0.012329,delta-cpu
backward,C,2,512,64,1,0.711056,delta-cpu
fused,C,2,512,64,1,0.843350,delta-cpu
backward,C,2,512,64,2,0.482416,delta-cpu
fused,C,2,512,64,2,0.555242,delta-cpu
backward,C,2,512,64,4,0.218465,delta-cpu
fused,C,2,512,64,4,0.248158,delta-cpu
backward,C,2,512,64,8,0.104956,delta-cpu
fused,C,2,512,64,8,0.120046,delta-cpu
backward,C,2,512,64,16,0.062731,delta-cpu
fused,C,2,512,64,16,0.061543,delta-cpu
backward,C,2,512,64,32,0.030267,delta-cpu
fused,C,2,512,64,32,0.039015,delta-cpu
backward,C,2,512,64,64,0.024760,delta-cpu
fused,C,2,512,64,64,0.026171,delta-cpu
backward,C,2,512,64,128,0.024327,delta-cpu
fused,C,2,512,64,128,0.048211,delta-cpu
backward,C,2,1024,64,1,2.443304,delta-cpu
fused,C,2,1024,64,1,3.045155,delta-cpu
backward,C,2,1024,64,2,1.734322,delta-cpu
fused,C,2,1024,64,2,1.927839,delta-cpu
backward,C,2,1024,64,4,0.958044,delta-cpu
fused,C,2,1024,64,4,1.073158,delta-cpu
backward,C,2,1024,64,8,0.464750,delta-cpu
fused,C,2,1024,64,8,0.547837,delta-cpu
backward,C,2,1024,64,16,0.247202,delta-cpu
fused,C,2,1024,64,16,0.280755,delta-cpu
backward,C,2,1024,64,32,0.127351,delta-cpu
fused,C,2,1024,64,32,0.148156,delta-cpu
backward,C,2,1024,64,64,0.074178,delta-cpu
fused,C,2,1024,64,64,0.082862,delta-cpu
backward,C,2,1024,64,128,0.094776,delta-cpu
fused,C,2,1024,64,128,0.064631,delta-cpu
backward,C,2,2048,64,1,12.134676,delta-cpu
fused,C,2,2048,64,1,14.334697,delta-cpu
backward,C,2,2048,64,2,7.694200,delta-cpu
fused,C,2,2048,64,2,9.614362,delta-cpu
backward,C,2,2048,64,4,4.555227,delta-cpu
fused,C,2,2048,64,4,4.575403,delta-cpu
backward,C,2,2048,64,8,2.841766,delta-cpu
fused,C,2,2048,64,8,2.915178,delta-cpu
backward,C,2,2048,64,16,1.583025,delta-cpu
fused,C,2,2048,64,16,1.550652,delta-cpu
backward,C,2,2048,64,32,0.747073,delta-cpu
fused,C,2,2048,64,32,0.814350,delta-cpu
backward,C,2,2048,64,64,0.450612,delta-cpu
fused,C,2,2048,64,64,0.459488,delta-cpu
backward,C,2,2048,64,128,0.228570,delta-cpu
fused,C,2,2048,64,128,0.275424,delta-cpu
backward,C,2,4096,64,1,168.085248,delta-cpu
fused,C,2,4096,64,1,208.623439,delta-cpu
backward,C,2,4096,64,2,102.235251,delta-cpu
fused,C,2,4096,64,2,108.118185,delta-cpu
backward,C,2,4096,64,4,51.675667,delta-cpu
fused,C,2,4096,64,4,55.200128,delta-cpu
backward,C,2,4096,64,8,30.197591,delta-cpu
fused,C,2,4096,64,8,29.840359,delta-cpu
backward,C,2,4096,64,16,16.880309,delta-cpu
fused,C,2,4096,64,16,15.954180,delta-cpu
backward,C,2,4096,64,32,9.281537,delta-cpu
fused,C,2,4096,64,32,8.167502,delta-cpu
backward,C,2,4096,64,64,5.384701,delta-cpu
fused,C,2,4096,64,64,4.575555,delta-cpu
backward,C,2,4096,64,128,3.255959,delta-cpu
fused,C,2,4096,64,128,2.436190,delta-cpu
backward,C,2,8192,64,1,1100.793430,delta-cpu
fused,C,2,8192,64,1,1173.567246,delta-cpu
backward,C,2,8192,64,2,580.472011,delta-cpu
fused,C,2,8192,64,2,597.189894,delta-cpu
backward,C,2,8192,64,4,293.007098,delta-cpu
fused,C,2,8192,64,4,319.128715,delta-cpu
backward,C,2,8192,64,8,161.188994,delta-cpu
fused,C,2,8192,64,8,153.878313,delta-cpu
backward,C,2,8192,64,16,81.412950,delta-cpu
fused,C,2,8192,64,16,77.634895,delta-cpu
backward,C,2,8192,64,32,38.750402,delta-cpu
fused,C,2,8192,64,32,40.195571,delta-cpu
backward,C,2,8192,64,64,21.809215,delta-cpu
fused,C,2,8192,64,64,20.773151,delta-cpu
backward,C,2,8192,64,128,12.426873,delta-cpu
fused,C,2,8192,64,128,12.269075,delta-cpu
