threads,n,dk,dv,time_s,gbps,traffic_mb,speedup_vs_seq
1,1024,64,64,0.00005996,8.7528,0.5248,0.9922
1,2048,64,64,0.00012117,8.6582,1.0491,0.9725
1,4096,64,64,0.00026375,7.9532,2.0977,0.9822
1,8192,64,64,0.00111367,3.7666,4.1948,0.9966
1,16384,64,64,0.00519035,1.6163,8.3891,1.0000
1,32768,64,64,0.01063505,1.5776,16.7777,0.9996
1,65536,64,64,0.02137522,1.5698,33.5549,0.9998
1,131072,64,64,0.04444872,1.5098,67.1094,0.9883
1,262144,64,64,0.09692510,1.3848,134.2182,0.9608
1,524288,64,64,0.26350752,1.0187,268.4360,1.0050
1,1048576,64,64,0.79010947,0.6795,536.8714,0.9997
2,1024,64,64,0.00003409,15.3930,0.5248,1.7780
2,2048,64,64,0.00006506,16.1248,1.0491,1.8239
2,4096,64,64,0.00012887,16.2772,2.0977,1.9905
2,8192,64,64,0.00061245,6.8493,4.1948,1.9281
2,16384,64,64,0.00254425,3.2973,8.3891,1.9769
2,32768,64,64,0.00562200,2.9843,16.7777,1.8123
2,65536,64,64,0.01066034,3.1476,33.5549,1.9403
2,131072,64,64,0.02125663,3.1571,67.1094,1.9737
2,262144,64,64,0.04331622,3.0986,134.2182,1.9822
2,524288,64,64,0.13952554,1.9239,268.4360,1.8996
2,1048576,64,64,0.40474917,1.3264,536.8714,1.9527
4,1024,64,64,0.00002252,23.3067,0.5248,2.6845
4,2048,64,64,0.00003576,29.3334,1.0491,3.3474
4,4096,64,64,0.00006635,31.6164,2.0977,3.8278
4,8192,64,64,0.00032785,12.7947,4.1948,3.8704
4,16384,64,64,0.00127022,6.6045,8.3891,3.9602
4,32768,64,64,0.00256707,6.5358,16.7777,4.5867
4,65536,64,64,0.00665316,5.0435,33.5549,3.0710
4,131072,64,64,0.01043693,6.4300,67.1094,3.9087
4,262144,64,64,0.02129953,6.3015,134.2182,4.1219
4,524288,64,64,0.08821109,3.0431,268.4360,4.6702
4,1048576,64,64,0.28418556,1.8892,536.8714,3.0534
8,1024,64,64,0.00001468,35.7487,0.5248,4.0143
8,2048,64,64,0.00002270,46.2175,1.0491,5.1545
8,4096,64,64,0.00003816,54.9648,2.0977,6.5263
8,8192,64,64,0.00017810,23.5534,4.1948,6.4933
8,16384,64,64,0.00069761,12.0256,8.3891,6.7647
8,32768,64,64,0.00141925,11.8216,16.7777,6.7424
8,65536,64,64,0.00283626,11.8307,33.5549,6.7497
8,131072,64,64,0.00566878,11.8384,67.1094,6.8153
8,262144,64,64,0.01168567,11.4857,134.2182,7.2172
8,524288,64,64,0.04320007,6.2138,268.4360,5.9492
8,1048576,64,64,0.15224490,3.5264,536.8714,7.6679
16,1024,64,64,0.00001509,34.7762,0.5248,3.8653
16,2048,64,64,0.00002044,51.3348,1.0491,5.6927
16,4096,64,64,0.00003015,69.5780,2.0977,9.7459
16,8192,64,64,0.00009393,44.6585,4.1948,12.3471
16,16384,64,64,0.00036649,22.8905,8.3891,12.8870
16,32768,64,64,0.00074255,22.5947,16.7777,12.9202
16,65536,64,64,0.00148075,22.6608,33.5549,13.9683
16,131072,64,64,0.00295455,22.7139,67.1094,13.0872
16,262144,64,64,0.00612239,21.9225,134.2182,13.5036
16,524288,64,64,0.02135900,12.5678,268.4360,11.8756
16,1048576,64,64,0.04963829,10.8157,536.8714,15.1689
32,1024,64,64,0.00002156,24.3417,0.5248,3.4099
32,2048,64,64,0.00002402,43.6784,1.0491,6.2918
32,4096,64,64,0.00003030,69.2332,2.0977,11.5673
32,8192,64,64,0.00006489,64.6468,4.1948,20.1921
32,16384,64,64,0.00021036,39.8795,8.3891,23.3162
32,32768,64,64,0.00041519,40.4094,16.7777,23.4832
32,65536,64,64,0.00081853,40.9939,33.5549,23.6195
32,131072,64,64,0.00161679,41.5078,67.1094,24.1182
32,262144,64,64,0.00331377,40.5032,134.2182,24.7478
32,524288,64,64,0.01199573,22.3776,268.4360,20.9773
32,1048576,64,64,0.02515655,21.3412,536.8714,30.4103
64,1024,64,64,0.00006235,8.4174,0.5248,1.0322
64,2048,64,64,0.00005306,19.7710,1.0491,2.3630
64,4096,64,64,0.00006049,34.6799,2.0977,4.3252
64,8192,64,64,0.00007639,54.9110,4.1948,15.7614
64,16384,64,64,0.00015607,53.7507,8.3891,32.0440
64,32768,64,64,0.00027026,62.0808,16.7777,37.3429
64,65536,64,64,0.00047967,69.9539,33.5549,42.1082
64,131072,64,64,0.00092364,72.6572,67.1094,43.8980
64,262144,64,64,0.00211748,63.3857,134.2182,41.7630
64,524288,64,64,0.00712968,37.6505,268.4360,51.1004
64,1048576,64,64,0.01407006,38.1570,536.8714,90.1916
