threads,n,dk,dv,time_s,GBps,traffic_MB,speedup
1,1024,64,64,0.000139,3.772,0.52,1.00
1,2048,64,64,0.000283,3.703,1.05,0.99
1,4096,64,64,0.000690,3.040,2.10,1.01
1,8192,64,64,0.001409,2.977,4.19,1.00
1,16384,64,64,0.002833,2.961,8.39,0.99
1,32768,64,64,0.005679,2.954,16.78,1.00
1,65536,64,64,0.011842,2.834,33.55,0.99
1,131072,64,64,0.029768,2.254,67.11,1.00
1,262144,64,64,0.088365,1.519,134.22,0.98
1,524288,64,64,0.402694,0.667,268.44,0.83
1,1048576,64,64,0.323458,1.660,536.87,0.99
2,1024,64,64,0.000092,5.735,0.52,1.13
2,2048,64,64,0.000187,5.616,1.05,1.14
2,4096,64,64,0.000480,4.366,2.10,1.10
2,8192,64,64,0.001026,4.089,4.19,1.03
2,16384,64,64,0.002393,3.505,8.39,0.88
2,32768,64,64,0.004769,3.518,16.78,0.88
2,65536,64,64,0.008525,3.936,33.55,1.01
2,131072,64,64,0.016315,4.113,67.11,1.44
2,262144,64,64,0.049988,2.685,134.22,1.77
2,524288,64,64,0.151836,1.768,268.44,1.89
2,1048576,64,64,0.314191,1.709,536.87,1.67
4,1024,64,64,0.000054,9.640,0.52,1.87
4,2048,64,64,0.000119,8.821,1.05,1.74
4,4096,64,64,0.000254,8.260,2.10,1.72
4,8192,64,64,0.000449,9.344,4.19,1.99
4,16384,64,64,0.000900,9.320,8.39,1.91
4,32768,64,64,0.001778,9.439,16.78,1.94
4,65536,64,64,0.003564,9.415,33.55,2.08
4,131072,64,64,0.013192,5.087,67.11,3.56
4,262144,64,64,0.041984,3.197,134.22,4.28
4,524288,64,64,0.158305,1.696,268.44,2.45
4,1048576,64,64,0.397091,1.352,536.87,1.84
8,1024,64,64,0.000047,11.062,0.52,2.25
8,2048,64,64,0.000073,14.360,1.05,2.96
8,4096,64,64,0.000203,10.311,2.10,2.65
8,8192,64,64,0.000398,10.537,4.19,2.72
8,16384,64,64,0.000768,10.924,8.39,2.76
8,32768,64,64,0.001529,10.975,16.78,2.80
8,65536,64,64,0.003029,11.077,33.55,3.49
8,131072,64,64,0.007867,8.531,67.11,4.58
8,262144,64,64,0.066756,2.011,134.22,2.66
8,524288,64,64,0.161739,1.660,268.44,2.28
8,1048576,64,64,0.366039,1.467,536.87,1.86
16,1024,64,64,0.000035,15.167,0.52,3.00
16,2048,64,64,0.000073,14.463,1.05,2.96
16,4096,64,64,0.000168,12.516,2.10,3.39
16,8192,64,64,0.000231,18.170,4.19,4.63
16,16384,64,64,0.000413,20.334,8.39,5.16
16,32768,64,64,0.000878,19.106,16.78,4.82
16,65536,64,64,0.001988,16.879,33.55,5.25
16,131072,64,64,0.005350,12.543,67.11,8.55
16,262144,64,64,0.040114,3.346,134.22,4.30
16,524288,64,64,0.095797,2.802,268.44,4.73
16,1048576,64,64,0.328283,1.635,536.87,2.13
32,1024,64,64,0.000047,11.270,0.52,4.07
32,2048,64,64,0.000083,12.647,1.05,4.64
32,4096,64,64,0.000155,13.518,2.10,5.16
32,8192,64,64,0.000219,19.186,4.19,7.32
32,16384,64,64,0.000329,25.481,8.39,9.75
32,32768,64,64,0.000629,26.663,16.78,6.79
32,65536,64,64,0.002417,13.884,33.55,9.98
32,131072,64,64,0.004581,14.649,67.11,6.75
32,262144,64,64,0.042103,3.188,134.22,4.16
32,524288,64,64,0.120339,2.231,268.44,3.43
32,1048576,64,64,0.258162,2.080,536.87,2.69
64,1024,64,64,0.000083,6.308,0.52,1.31
64,2048,64,64,0.000098,10.652,1.05,2.23
64,4096,64,64,0.000154,13.640,2.10,3.58
64,8192,64,64,0.000217,19.368,4.19,4.93
64,16384,64,64,0.000288,29.157,8.39,7.32
64,32768,64,64,0.000358,46.811,16.78,11.75
64,65536,64,64,0.001128,29.746,33.55,8.20
64,131072,64,64,0.005392,12.445,67.11,5.77
64,262144,64,64,0.036358,3.692,134.22,3.94
64,524288,64,64,0.088404,3.036,268.44,3.69
64,1048576,64,64,0.201005,2.671,536.87,3.80
128,1024,64,64,0.044417,0.012,0.52,0.00
128,2048,64,64,0.046780,0.022,1.05,0.04
128,4096,64,64,0.044054,0.048,2.10,0.03
128,8192,64,64,0.039628,0.106,4.19,0.03
128,16384,64,64,0.040900,0.205,8.39,0.06
128,32768,64,64,0.034005,0.493,16.78,0.14
128,65536,64,64,0.000627,53.508,33.55,14.41
128,131072,64,64,0.031253,2.147,67.11,1.16
128,262144,64,64,0.057265,2.344,134.22,3.03
128,524288,64,64,0.214335,1.252,268.44,2.37
128,1048576,64,64,0.257450,2.085,536.87,3.46
