impl,lang,B,N,D,DFF,threads,seconds
rmsnorm,C,2,32,64,0,1,0.000169
mlp,C,2,32,64,256,1,0.008647
rmsnorm,Fortran,2,32,64,0,1,0.000080
mlp,Fortran,2,32,64,256,1,0.009366
rmsnorm,C,2,64,64,0,1,0.000093
mlp,C,2,64,64,256,1,0.016539
rmsnorm,Fortran,2,64,64,0,1,0.000105
mlp,Fortran,2,64,64,256,1,0.018840
rmsnorm,C,2,128,64,0,1,0.000186
mlp,C,2,128,64,256,1,0.031562
rmsnorm,Fortran,2,128,64,0,1,0.000236
mlp,Fortran,2,128,64,256,1,0.035739
rmsnorm,C,2,256,64,0,1,0.000374
mlp,C,2,256,64,256,1,0.062564
rmsnorm,Fortran,2,256,64,0,1,0.000383
mlp,Fortran,2,256,64,256,1,0.071599
rmsnorm,C,2,512,64,0,1,0.000768
mlp,C,2,512,64,256,1,0.123627
rmsnorm,Fortran,2,512,64,0,1,0.000820
mlp,Fortran,2,512,64,256,1,0.145184
rmsnorm,C,2,1024,64,0,1,0.001675
mlp,C,2,1024,64,256,1,0.249867
rmsnorm,Fortran,2,1024,64,0,1,0.005065
mlp,Fortran,2,1024,64,256,1,0.288491
rmsnorm,C,2,2048,64,0,1,0.003376
mlp,C,2,2048,64,256,1,0.551712
rmsnorm,Fortran,2,2048,64,0,1,0.003383
mlp,Fortran,2,2048,64,256,1,0.606882
rmsnorm,C,2,4096,64,0,1,0.007145
mlp,C,2,4096,64,256,1,1.259543
rmsnorm,Fortran,2,4096,64,0,1,0.009165
mlp,Fortran,2,4096,64,256,1,1.180803
rmsnorm,C,2,8192,64,0,1,0.013384
mlp,C,2,8192,64,256,1,2.669703
rmsnorm,Fortran,2,8192,64,0,1,0.013146
mlp,Fortran,2,8192,64,256,1,2.280476
